{"reason": "reboot", "action_time": 1783256857.2153041, "heartbeat": 1783256937.497382}