{"reason": "reboot", "action_time": 1783251420.3332927, "heartbeat": 1783251420.623018}