{"reason": "reboot", "action_time": 1783256857.2153041, "heartbeat": 1783256877.479843}