{"reason": "reboot", "action_time": 1783253861.550391, "heartbeat": 1783253863.155658}