{"reason": "reboot", "action_time": 1783256760.5353262, "heartbeat": 1783256817.461649}