{"reason": "shutdown", "action_time": 1783222528.1729622, "heartbeat": 1783235870.9841173}