{"reason": "reboot", "action_time": 1783199883.0247562, "heartbeat": 1783204568.3227613}