{"reason": "reboot", "action_time": 1783252547.7444613, "heartbeat": 1783252548.4295335}