{"reason": "reboot", "action_time": 1783254824.9588425, "heartbeat": 1783254826.0753112}