{"reason": "reboot", "action_time": 1783236520.846943, "heartbeat": 1783236900.2716966}